ym,name,bright_mean,ndvi_mean,ndbi_mean,bsi_mean
2018-01,block_a,0.12408438872893873,0.14515568560714,0.10485445545278343,0.14442217010883032
2018-01,block_b,0.14260678293712248,0.12140435841008708,0.11206071894311184,0.14572755006700666
2018-01,block_c,0.19791451429497398,0.08500290564092736,0.12987778899000912,0.1421481120518799
2018-01,block_d,0.13956985807061772,0.13820767339521142,0.05529385369263548,0.1017648825166491
2018-02,block_a,0.14588126126773782,0.12276813373779027,0.10763356141217167,0.15645933696513856
2018-02,block_b,0.1623538209685947,0.1022128891956,0.10407457929319791,0.1520039233455872
2018-02,block_c,0.21891170408288566,0.07216013175927619,0.11310880819705647,0.13681559194797183
2018-02,block_d,0.1632897449840823,0.08117990712225652,0.05451054943295391,0.11107605617822999
2018-03,block_a,0.14056806928562918,0.13868319529954606,0.13250004677474478,0.1730421604891188
2018-03,block_b,0.1553171026155187,0.11193271633619756,0.12085405370073896,0.16672455001973968
2018-03,block_c,0.21933200396141014,0.07467492186914947,0.1305443217391403,0.1499289796519364
2018-03,block_d,0.13049771337092775,0.09936861020912119,0.09426989338859998,0.13739527558211814
2018-04,block_a,0.1504789360967405,0.20985889294740306,0.08114760565672414,0.14316580506118354
2018-04,block_b,0.1746020883714724,0.1153075720914974,0.10796313592375388,0.1645342041526473
2018-04,block_c,0.25024932893070634,0.07354353893183495,0.1160225746242888,0.13786259411180118
2018-04,block_d,0.14579050132592894,0.14187828152894943,0.07653200326553596,0.13993814751226968
2018-05,block_a,0.13625217631430106,0.3117446919089276,0.010765518474637187,0.07511900478524555
2018-05,block_b,0.16046360068915172,0.1698766890233983,0.07201751837027252,0.12686282543676777
2018-05,block_c,0.2755702823623934,0.12443924890877973,0.10282820365839501,0.12646767663552644
2018-05,block_d,0.13343691329911947,0.21622384213776746,0.017439257438220078,0.07901603066362965
2018-06,block_a,0.14260956686132914,0.33631677668971605,-0.008143468769803432,0.05287558369855708
2018-06,block_b,0.16986754913800764,0.1795408970265867,0.061219968730788554,0.111628865884912
2018-06,block_c,0.27833636096652026,0.1296699633618127,0.09426714452762858,0.11315435172465031
2018-06,block_d,0.13089188573041982,0.22756129780739254,0.01297043105209751,0.06870023077956638
2018-09,block_a,0.11092721762707254,0.41626836061586575,-0.06246433625815759,0.009834620046505916
2018-09,block_b,0.12450600533160412,0.30903683974249635,-0.0011211511300794096,0.05665219145910592
2018-09,block_c,0.1942231571847239,0.2223659144376425,0.04119656677094289,0.06729008409825052
2018-09,block_d,0.11613947836029187,0.3084819988395001,-0.052518357765434995,0.017649453432078625
2018-10,block_a,0.10632718995813682,0.2987568497190061,0.051372816485478305,0.12047915679808603
2018-10,block_b,0.11675216553943037,0.20123441003288153,0.11498417568163266,0.16629581286032796
2018-10,block_c,0.18858292492267925,0.15264279506543793,0.12582006084199088,0.14732393740454933
2018-10,block_d,0.11506378238897315,0.21660042914153227,0.04669569018180326,0.11201298454566698
2018-11,block_a,0.12204908550899377,0.168402448789726,0.11160556573541361,0.1782648701406231
2018-11,block_b,0.12540263939687807,0.15025792648898464,0.13280360262163013,0.18748778066893518
2018-11,block_c,0.1945286614256937,0.10557290838358549,0.1482253255218593,0.17137686748073636
2018-11,block_d,0.12983190796757332,0.14502059012695218,0.0740146198284122,0.14045525407362996
2018-12,block_a,0.11581768872882985,0.17151180351083398,0.10927366982320094,0.17533651117762092
2018-12,block_b,0.1211407630065934,0.15023227322452284,0.12967477202768365,0.18420511093659958
2018-12,block_c,0.1672691474554258,0.11873241983061364,0.14353444838804746,0.17722746484436397
2018-12,block_d,0.1283695731230667,0.15064087808612586,0.07971204418441705,0.14405046583182138
2019-01,block_a,0.13016822582208828,0.15359081328265062,0.10290658390120512,0.16534587899595946
2019-01,block_b,0.12393704609943951,0.12897418962034268,0.12500050349812225,0.15773762919135956
2019-01,block_c,0.16689831298893257,0.09790480835827113,0.1413244937534464,0.1535166924542938
2019-01,block_d,0.13518686368585137,0.12060601077692555,0.06836110973308136,0.1154824173640418
2019-02,block_a,0.13101062530705382,0.1409257468519619,0.09453297215830209,0.14989845174929325
2019-02,block_b,0.14226460400332178,0.1205533931433574,0.11323660263779411,0.14979112604859687
2019-02,block_c,0.19452972373783944,0.0860830987729286,0.1313851591801535,0.1406688811705791
2019-02,block_d,0.139401613511843,0.11572997205817358,0.06688334738235355,0.11412989002063477
2019-03,block_a,0.13882513308866978,0.14507714961148782,0.12439667522722449,0.1780153997060819
2019-03,block_b,0.13674843146941212,0.1233750236994369,0.13916494970848642,0.17687637630785802
2019-03,block_c,0.17782803800845778,0.09730533935522531,0.14518219553983205,0.17029576544023675
2019-03,block_d,0.13840407137213465,0.12480388724097435,0.10131577429249862,0.14623270827532378
2019-04,block_a,0.1528015237522558,0.1573176221547166,0.12380255678552013,0.17506513811530067
2019-04,block_b,0.153175097189796,0.12123313894996308,0.13332428879995906,0.17940369338293566
2019-04,block_c,0.20678151950047796,0.08172416672434671,0.13246228455976589,0.15750167788566471
2019-04,block_d,0.14562412428964916,0.13322369373282084,0.09125399189335114,0.1448853698621494
2019-05,block_a,0.14544465984093585,0.2939715329329258,0.02475877441194845,0.08666770554874018
2019-05,block_b,0.19569993619967888,0.1344396498653263,0.0703334800691442,0.1299866842999652
2019-05,block_c,0.2636712147395584,0.09879887392589055,0.09667209091592516,0.13473238224304585
2019-05,block_d,0.1456685804843058,0.22540455141061694,0.016581960482747776,0.07430808068136446
2019-06,block_a,0.13502754328173144,0.31214670269138023,0.013679833743002348,0.07398565351622195
2019-06,block_b,0.1930924140141519,0.13435513800081306,0.07120548715742245,0.13082763109735457
2019-06,block_c,0.2913736292200818,0.08746194472870658,0.12984986182073968,0.14805715697939398
2019-06,block_d,0.13378096291410643,0.23642347047624857,0.00313695857252441,0.049942401657270916
2019-07,block_a,0.10552943560817715,0.45506927406980885,-0.09004236761818749,-0.027467319415899104
2019-07,block_b,0.15754693790049074,0.20397687109784332,0.008512133671982775,0.07834251716595733
2019-07,block_c,0.24636249715685446,0.1405081052110561,0.06027423063679227,0.0838122584511652
2019-07,block_d,0.11006825821766826,0.34938815097409953,-0.08407895919069254,-0.021451671915936096
2019-08,block_a,0.10438883536656411,0.4802530827996788,-0.09290732760822708,-0.02616146187191268
2019-08,block_b,0.15158173380845388,0.2230385263268201,0.0015639935991299606,0.06704000108593564
2019-08,block_c,0.22564605859535947,0.1513380030388567,0.04421782710210541,0.07914158692155847
2019-08,block_d,0.10895500297604233,0.38778195646710745,-0.11958879164413803,-0.0482798101782929
2019-09,block_a,0.10105699909694664,0.43618221583277683,-0.05991769774612387,0.009580663906370204
2019-09,block_b,0.14899857009592563,0.18527378589061574,0.039626185810619115,0.09898466874333524
2019-09,block_c,0.2149489511519413,0.11979970264033694,0.07916793385216823,0.10026182840297185
2019-09,block_d,0.10270197040246548,0.34265116636786247,-0.0711344295096773,0.0030460956766450087
2019-10,block_a,0.10248625507490736,0.2946096978508448,0.007304542625025642,0.05981551762017413
2019-10,block_b,0.15842881061998368,0.14619781590433412,0.049369677767542065,0.10698178603983272
2019-10,block_c,0.20943438318357258,0.09082211062767555,0.0814082821745535,0.10835619268570042
2019-10,block_d,0.1104127751096513,0.21525560716697106,0.014962335431628705,0.06254862979943822
2019-11,block_a,0.10154764106032411,0.18722626022651517,0.10773453629461775,0.17347797786634123
2019-11,block_b,0.1533821299185103,0.11683867297431033,0.06558831444763152,0.13611762780015008
2019-11,block_c,0.21428360804451624,0.06325674278497273,0.08895019351729386,0.12712034700082153
2019-11,block_d,0.11391147492452544,0.1639112158443527,0.07377844481722076,0.13792751041150825
2019-12,block_b,0.3877489108910891,-0.013321760199697746,0.21190248973638773,0.14443370973332975
2019-12,block_c,0.3917227782392025,-0.010825214291683037,0.09441842301510842,0.0828869795763492
2019-12,block_d,0.195438749251945,-0.1288593458122806,-0.7132264945662393,-0.3173348285280986
2020-01,block_c,0.6126416666666666,-0.00039525309235902286,-0.18472895580804208,-0.061164449704129584
2020-01,block_d,0.14129995693367786,-0.12391047013271346,-0.649572436341465,-0.3309528288146949
2020-02,block_a,0.15989970733411973,0.10262875133174776,-0.01187831858942651,0.06490038832753413
2020-02,block_b,0.17319948734075147,0.07773570196555937,0.04594849133441747,0.10033572487326453
2020-02,block_c,0.2917219378670759,0.013639465533525106,0.06284933382371656,0.07716513002190249
2020-02,block_d,0.14081238467541077,0.031077559698964845,-0.2836900052824653,-0.111604531706326
2020-03,block_a,0.1278017751435453,0.16215715658225327,0.12920969219758194,0.17804337762970904
2020-03,block_b,0.1708888485547234,0.08969059194780483,0.08180545432795022,0.1322747596830126
2020-03,block_c,0.22767907541370455,0.04960655898090692,0.09181744814665133,0.11753588802514309
2020-03,block_d,0.13117098092631127,0.13701533007715358,0.0909127991956566,0.1437173118264678
2020-04,block_a,0.15003292712285488,0.17021697867676266,0.11978436524621655,0.163640497230587
2020-04,block_b,0.175443680744451,0.09791348266456837,0.08281501827154594,0.13342662210558995
2020-04,block_c,0.23626750160876545,0.059182955178924176,0.0920109967513369,0.12444514739240724
2020-04,block_d,0.1554908018245697,0.13935093424227923,0.08184030118776775,0.13086800789103836
2020-05,block_a,0.13681760359783252,0.29514482123652597,0.040135079003859604,0.10929335258704231
2020-05,block_b,0.18490110398968773,0.13138306646313422,0.06605089138707626,0.11673744623492144
2020-05,block_c,0.29610200935960607,0.0680672659871962,0.0948751192938361,0.12167605209028952
2020-05,block_d,0.14476979094498682,0.21345331572692458,0.02925277376249654,0.09060544026958034
2020-06,block_a,0.13997310372473926,0.3294339910980615,-0.002032380107630033,0.06644761415726622
2020-06,block_b,0.20206478610665032,0.12944328630859994,0.04345776917101283,0.10061127484513198
2020-06,block_c,0.290222064264805,0.0638472239199636,0.059761653062526746,0.09579558359873241
2020-06,block_d,0.1570436614315495,0.24511890830029504,-0.007928917634315023,0.05458556107953705
2020-07,block_a,0.11060805051650452,0.4197191746154573,-0.08033062105452901,-0.014767369512448529
2020-07,block_b,0.16081719652694987,0.1760494118805933,0.028237554820755555,0.0678207819560116
2020-07,block_c,0.24305574038673705,0.06869375306064471,0.05833909613883524,0.07862951476930377
2020-07,block_d,0.1286810113907355,0.2953526719718633,-0.050968747134325754,-0.005793038923123204
2020-08,block_a,0.10606732728336535,0.47995429577104676,-0.1331529375725255,-0.06189072920676163
2020-08,block_b,0.16060064767053794,0.2313320412492788,-0.013640300522256014,0.04638579263379451
2020-08,block_c,0.19134449848542964,0.10791085247657006,0.023080346759590222,0.05572571729499731
2020-08,block_d,0.12281438847557831,0.3396937940135228,-0.09607128236912683,-0.03234906017466987
2020-09,block_a,0.09052143699815987,0.4707613407966951,-0.09599749336458971,-0.02294112440746924
2020-09,block_b,0.1642720748570941,0.20626997365484812,0.007067251738823065,0.06563920766759365
2020-09,block_c,0.2115209807955917,0.08552529530615306,0.06494581450527956,0.07847302186606361
2020-09,block_d,0.1094483794467186,0.3039216905224578,-0.08311294103949196,-0.008644098162164032
2020-10,block_a,0.09714758049318217,0.3785978463168657,-0.008313388803236855,0.05947615473228965
2020-10,block_b,0.17808259507432206,0.13180333327513435,0.04623031623837291,0.10497561622243229
2020-10,block_c,0.22552571390367268,0.05941854062311691,0.06261136082197825,0.09541431081826868
2020-10,block_d,0.10631662776519302,0.25237047870829304,-0.017859259806099363,0.05158012430718957
2020-11,block_a,0.12433466274944216,0.20717885313264706,0.07849562478500427,0.12974518193954016
2020-11,block_b,0.19473327115452116,0.0942703813622488,0.04708348133487611,0.1108192527152766
2020-11,block_c,0.23867378921298416,0.033880575090207934,0.0630491170589067,0.09161766124476835
2020-11,block_d,0.12284619810212491,0.1530907666764956,0.03156297534537051,0.07936206959196644
2020-12,block_a,0.1425618370212533,0.15630749383766457,0.011626510636361623,0.0683435785484707
2020-12,block_b,0.21195696272415085,0.08160061602696257,-0.018834011855566282,0.06200961298648601
2020-12,block_c,0.24947231469886091,0.03433622051355684,0.0378728990932711,0.07691921967623677
2020-12,block_d,0.16641191746035,0.10083667243114848,-0.09976787568083928,-0.005827083982401353
2021-01,block_a,0.13192288112052608,0.15573034339840963,0.08628938072819084,0.14534708383029654
2021-01,block_b,0.2093438669117178,0.0811315862286304,0.04027172028047148,0.10607559359211154
2021-01,block_c,0.24046993564829172,0.03835089486749932,0.05953112388940683,0.09172804030186177
2021-01,block_d,0.14375004883467646,0.11971654716138685,0.03947024288928075,0.1004124899924167
2021-02,block_a,0.1309402900554137,0.15658023389389908,0.11245042400370645,0.16211711271596896
2021-02,block_b,0.20434479898422322,0.0775495864322302,0.05701242919666362,0.11957937243460166
2021-02,block_c,0.24235833413943464,0.03461302073884632,0.07316206652341378,0.10290424426671257
2021-02,block_d,0.138551361702906,0.12079607890575696,0.06491757437218557,0.1202762991266103
2021-03,block_a,0.12702023209226115,0.1767742429968606,0.1121258928009653,0.16122844071355738
2021-03,block_b,0.19197666034564614,0.09527132498794395,0.05946731322270116,0.11856366472942925
2021-03,block_c,0.22944477233661897,0.04656372274193146,0.06652915430213838,0.1095717972128414
2021-03,block_d,0.13495630445363058,0.13544883176759676,0.05212841613921124,0.1213392887222931
2021-04,block_a,0.14176253598867922,0.16821180294262822,0.11208853040815324,0.1554440993964608
2021-04,block_b,0.191573749246655,0.09620698075986225,0.07538449248720602,0.1268146748728127
2021-04,block_c,0.24316829719328187,0.04239828618596203,0.11068584655345998,0.12261460623332018
2021-04,block_d,0.15107283154987491,0.1308062120079614,0.06500727426536965,0.11535090417876188
2021-05,block_a,0.13295264254676176,0.323699118897269,-0.013013670698676165,0.048893624681436605
2021-05,block_b,0.2301950470867505,0.117904223455394,0.03662455355321997,0.09814551816593997
2021-05,block_c,0.30130098084005197,0.05571369512226027,0.058141194962873524,0.08941871690916103
2021-05,block_d,0.148968217787264,0.20791772131630334,-0.024173714324371473,0.04504711873865561
2021-06,block_a,0.10182156619248178,0.4763899207946296,-0.09960798308636562,-0.026528417332691102
2021-06,block_b,0.21841249517030664,0.1512179708285648,0.025542636894114852,0.07919852150883178
2021-06,block_c,0.32835629562015123,0.05970482294761985,0.05772131287221449,0.08846545683957058
2021-06,block_d,0.12499798230409287,0.2956482915161558,-0.06566185615262565,0.009877969154204566
2021-07,block_a,0.10350312016270176,0.5229635417698048,-0.1318316449166904,-0.05974346088257941
2021-07,block_b,0.21698809350021575,0.17118299927156086,0.01670133175873337,0.07203029752130717
2021-07,block_c,0.300381726052442,0.06852034897133831,0.042996459211738156,0.07228830291922729
2021-07,block_d,0.13073912775378643,0.31540810092693056,-0.05347110406988269,0.0006985148543508816
2021-08,block_a,0.08519141772794436,0.5301029870657235,-0.13974884584695843,-0.06594905748444949
2021-08,block_b,0.1895237350511588,0.18510204908380806,0.007984122269363219,0.06280412865325437
2021-08,block_c,0.2851840509386945,0.07416784931757214,0.04674340607290631,0.07841144728945686
2021-08,block_d,0.11867541536056277,0.3081571331017842,-0.0500928532346308,0.004029798280907664
2021-09,block_a,0.0913208465278208,0.4233003972040462,-0.06809318998836075,-0.010092606466116719
2021-09,block_b,0.18284241814837313,0.18815965448335428,0.006471749460193112,0.06589911137715099
2021-09,block_c,0.25445101945995174,0.0694718991999747,0.04410637426407234,0.08076874618383267
2021-09,block_d,0.11812587692845065,0.29870240259860037,-0.05441531100640472,0.003912630900654304
2021-10,block_a,0.0930393138539665,0.3223469285700825,0.04455246805138269,0.08103836054483383
2021-10,block_b,0.18671177642748374,0.1332873192823422,0.04318980711967757,0.09642177618112939
2021-10,block_c,0.2535240717656258,0.05909110923741916,0.03163995931093716,0.07426078631359898
2021-10,block_d,0.11144204090730762,0.2334426197146831,-0.007622517679607749,0.049087136166593
2021-11,block_a,0.120045237511669,0.17665226286176924,0.06446638719676244,0.12218508966683364
2021-11,block_b,0.1993609630351966,0.08668262832709636,0.018608767572295164,0.08600149660012979
2021-11,block_c,0.279300752139397,0.036986141050397825,0.016549877410519304,0.07009071682941419
2021-11,block_d,0.12708296909309966,0.14594629106411924,0.012554440933184363,0.06987859329787745
2021-12,block_a,0.1124657801713947,0.18770834266943878,0.09116208020590294,0.15564058602790495
2021-12,block_b,0.1973208081589747,0.08748146463285776,0.04329482937897331,0.10646203123440878
2021-12,block_c,0.2638380848925961,0.042997914171438625,0.038218825620861485,0.09021954648134274
2021-12,block_d,0.12057484420438558,0.15046787431507141,0.0419938751929914,0.10600546704494174
2022-01,block_a,0.11211666018516374,0.18714562911351953,0.09801064132858031,0.1688188497860444
2022-01,block_b,0.17793541509469735,0.09400799961420583,0.04797958204018409,0.11542930074977391
2022-01,block_c,0.23769316643912525,0.04942688281801481,0.062262634687684525,0.10559037189407366
2022-01,block_d,0.11320128284421192,0.15397558950035248,0.06017740125333869,0.12288296938471797
2022-02,block_a,0.134591116304529,0.16078243622612023,0.0631028026183453,0.12747672541757743
2022-02,block_b,0.20866651446688503,0.08193593582551592,-0.011732721839217778,0.07030314204067074
2022-02,block_c,0.27345860643173,0.04722820360842647,-0.002751538590010798,0.04746835231052594
2022-02,block_d,0.1462030794947761,0.12417979975775674,-0.032511468926101274,0.04573321954758909
2022-03,block_a,0.1402794430700751,0.16596082995775363,0.10343038297746504,0.161290063015729
2022-03,block_b,0.21243224430603433,0.08020659214210979,0.04631913565880359,0.10413295165597378
2022-03,block_c,0.2787714389185611,0.031825976190332374,0.022748523567051107,0.07693688953667649
2022-03,block_d,0.14521321118922256,0.13219650493018256,0.06417439292910432,0.10911051294738446
2022-04,block_a,0.13931259268821106,0.17018552560062225,0.10494512236168743,0.16920393238095716
2022-04,block_b,0.22484273815094843,0.07230491775465925,0.05374619814888143,0.11377823136122311
2022-04,block_c,0.3236426386554576,0.02301948106224235,0.02951353269543349,0.07725135373045092
2022-04,block_d,0.14060220819749375,0.13635279864771613,0.07615636109640796,0.12735407668888624
2022-05,block_a,0.16159843855698844,0.19046220345178821,0.08058656547202458,0.14781065238094754
2022-05,block_b,0.23995712529095878,0.08937434931383104,0.048481616433644216,0.10163319727430963
2022-05,block_c,0.3278773011171256,0.04311880806578559,0.04439480623021721,0.07769801245741016
2022-05,block_d,0.14649253758397576,0.24733662432857578,0.01275781265953066,0.07481905430783319
2022-06,block_a,0.18626878186965704,0.16090777734832223,0.08837212065542689,0.15837379345254882
2022-06,block_b,0.24454531576117278,0.09632653481469035,0.03777552609675888,0.09839468841226623
2022-06,block_c,0.35260711967002856,0.03991962345615987,0.0388162771583421,0.06940503768648397
2022-06,block_d,0.1405134606016396,0.2613202214671792,0.0034741120518999627,0.06477437241965922
2022-07,block_a,0.21900561526889467,0.09032071827210993,0.12842370024733568,0.1853183961701682
2022-07,block_b,0.21796320835697092,0.10834660379239282,0.04187829235215875,0.09604568816572472
2022-07,block_c,0.3065168078435054,0.04371394884959526,0.04562377291810213,0.0809279408865221
2022-07,block_d,0.13021909425471226,0.2504106094430741,0.011351355198875167,0.06634130690953445
2022-08,block_a,0.21568039764835745,0.07969557149200412,0.10564412432128219,0.1753061828902897
2022-08,block_b,0.20376978520230643,0.14431840900221032,0.02755020451674264,0.07827335338149567
2022-08,block_c,0.30274856099841496,0.048435585528854824,0.07128027789230876,0.07037644622523764
2022-08,block_d,0.12596958563448757,0.2649186265674541,-0.050004398715759055,0.007526667755699225
2022-09,block_a,0.2051441219306809,0.15573524387875792,0.06109755274737683,0.13593408623039077
2022-09,block_b,0.19370298897763658,0.20116282260007096,-0.037623276542821826,0.03067418922816003
2022-09,block_c,0.28170816045706387,0.06151149034979705,0.01673469062008369,0.06248396932901556
2022-09,block_d,0.1112403395390138,0.31370960856253327,-0.06831654623618154,0.0033236115575987608
2022-10,block_a,0.20569371686399765,0.11737629666596494,0.06289270414498872,0.14552118768864608
2022-10,block_b,0.21505144122335235,0.13417431807062336,-0.005000192794960461,0.06554280137946644
2022-10,block_c,0.2849735666411319,0.04964694662373207,0.006146379157393275,0.06439920194793049
2022-10,block_d,0.12042695038904319,0.2482539845986686,-0.0274772876097431,0.03324948262570967
2022-11,block_a,0.1415451004741841,0.12228197584600728,0.08232600779720402,0.16478961023656802
2022-11,block_b,0.19639851075863377,0.10062920153444757,0.033120853829199326,0.09807027513958502
2022-11,block_c,0.2642500272331855,0.032044851353617954,0.04143708472552127,0.08549473148018223
2022-11,block_d,0.10560310196889354,0.18234495274407317,0.02183199980761645,0.08763767688395775
2022-12,block_a,0.16498514662919012,0.10766830928957657,0.10037519147329325,0.17116983406735786
2022-12,block_b,0.1980259137932383,0.09464127541807309,0.03302668471694224,0.10261174582025764
2022-12,block_c,0.262476114034418,0.04461839273117135,0.022090414509754495,0.08028069327306862
2022-12,block_d,0.11319906579276423,0.15276906742763174,0.047688052864867304,0.09647919757404472
2023-01,block_a,0.17832699278973604,0.0916656562602216,0.08140816098466047,0.14495522755501336
2023-01,block_b,0.2117451140739024,0.07811231671491298,-0.0010572788708537659,0.07816549723027133
2023-01,block_c,0.26458294383340347,0.03488178680241762,0.04844658286055837,0.0867184180278599
2023-01,block_d,0.13407808804728866,0.11831320368255907,0.033503066842273346,0.0748334543277229
2023-02,block_a,0.16729555477850083,0.09471342696916112,0.10832990601776986,0.15915874789191367
2023-02,block_b,0.21580478185255603,0.07845912032926225,-0.005838833792452496,0.07354294216913113
2023-02,block_c,0.27695187186203674,0.03168299647270033,-0.021695269405945645,0.04868387747875442
2023-02,block_d,0.13014126876291088,0.12610920716699348,0.036378077078549675,0.08418277346243128
2023-03,block_a,0.1786046805163847,0.10061011670815412,0.10670665516984733,0.1706852462590468
2023-03,block_b,0.21230923013306274,0.07745868579003795,0.048151868744467766,0.11420361045751665
2023-03,block_c,0.274720171619906,0.03624834580428743,0.03278633893071446,0.08595840594807003
2023-03,block_d,0.1381095718333029,0.12842945950871376,0.06842704064974227,0.11979577736468372
2023-04,block_a,0.20138314188390527,0.10007393474296374,0.08881655027141185,0.15915362022320004
2023-04,block_b,0.2280168750246882,0.0733497764118895,0.03790618486285865,0.1065202633632103
2023-04,block_c,0.30784753603274784,0.03087068921842652,0.02692688837787585,0.07734820387590283
2023-04,block_d,0.14952767737083378,0.1418444424449608,0.05122952807479134,0.1094669675443818
2023-05,block_a,0.19856555729484907,0.1466697300514457,0.05130658783175212,0.1355688734826268
2023-05,block_b,0.22940242410219752,0.10058152091516366,0.024840688970864513,0.09535278776446046
2023-05,block_c,0.35161902793645483,0.03266253879511005,0.03174590918631262,0.07288107899252934
2023-05,block_d,0.1329146820427413,0.24211076569023443,0.01341113088026876,0.08005840654127716
2023-06,block_a,0.1752138876815497,0.2375768407034034,-0.0015718354873002333,0.07352863587712632
2023-06,block_b,0.23156711686392167,0.12474118667116438,0.022470205741389204,0.08393383630391123
2023-06,block_c,0.3458039188191642,0.05714118927429219,0.04832283272827343,0.08476876929616112
2023-06,block_d,0.12178192779588944,0.2547250794379785,-0.006348387110588024,0.045685942658724846
2023-07,block_a,0.13871378875531776,0.40135730552927196,-0.12011667081001992,-0.045209116813044146
2023-07,block_b,0.22245009289784545,0.13496448893573237,0.0058207757364079505,0.06689382391892837
2023-07,block_c,0.3090949801611675,0.07164698906247333,0.023045974781861413,0.06552329541950142
2023-07,block_d,0.1258110859984814,0.2668842060082217,-0.035021205558936896,0.017652772332141242
2023-08,block_a,0.08231520865536571,0.6005129241423784,-0.2508714234670743,-0.18162242244550492
2023-08,block_b,0.2091620164584302,0.16513689996795222,-0.021522085071837685,0.043682297204850375
2023-08,block_c,0.2799719524321188,0.0809061408580379,0.009898421270402472,0.05511825498434452
2023-08,block_d,0.11051880187922031,0.30520890328167016,-0.07506059152865749,-0.006919227951303378
2023-09,block_a,0.07524912358101371,0.5165182450408546,-0.14283602496978354,-0.06810235354378044
2023-09,block_b,0.20035734908239364,0.1523433381688294,0.003339915470037008,0.06684656204997477
2023-09,block_c,0.2727707001412632,0.07596147817930667,0.013333486960994491,0.05863964795726707
2023-09,block_d,0.10120757269953606,0.3214450662127965,-0.08403581348459543,-0.004581274628067925
2023-10,block_a,0.08874652705836701,0.22071118456024896,0.14531600013558346,0.1808462205236316
2023-10,block_b,0.18810634154163303,0.09662219686817165,0.030171610998668334,0.08862390084655286
2023-10,block_c,0.24573656663154672,0.05644864548166254,0.0344066301145073,0.0785306097479906
2023-10,block_d,0.11050898015419615,0.2131423913460421,-0.04256053874039775,0.029841534349268943
2023-11,block_a,0.09474414769329281,0.19711004736648435,0.14666036324063914,0.18496708017005337
2023-11,block_b,0.20108529390490715,0.0837274357837095,0.03830687274015967,0.09843744448394295
2023-11,block_c,0.24248434419545023,0.04633931687014728,0.04158539463376905,0.08844866098149554
2023-11,block_d,0.11589401462487434,0.15335984011665896,0.009626926425309788,0.061737488075160524
2023-12,block_a,0.17614013055605393,0.1495338435071764,-0.08109776272707425,0.03510463471206108
2023-12,block_b,0.23299765245573578,0.07342598001368288,0.02504423513790017,0.08743665958874162
2023-12,block_c,0.251510188087637,0.03662328955944465,0.04267899625407648,0.08459160056858578
2023-12,block_d,0.12098556980976828,0.1329108366770297,0.019565245583554405,0.07020511442767523
2024-01,block_a,0.22554165470787013,0.14331402728763049,-0.2986834574718108,-0.09923790937029513
2024-01,block_b,0.4661095003387534,0.002057530768797453,-0.14291530943019387,-0.03262782834278109
2024-01,block_c,0.37995339139156525,-0.004365003958712969,0.021092102227964763,0.047229003380648844
2024-01,block_d,0.13229201503053076,-0.06298062593145645,-0.7180470956252388,-0.33050057511945596
2024-02,block_a,0.28181829139761044,0.11846689227558702,-0.35547735374001294,-0.10839660964211248
2024-02,block_b,0.2689640193929894,0.05446083414069605,-0.18415237374358273,-0.026560980904034345
2024-02,block_c,0.3491887878252679,-0.01427573210316778,0.1241261405077059,0.08573139280764241
2024-02,block_d,0.1988210865591223,0.0924695115398951,-0.19772584849025984,-0.012484453160647578
2024-03,block_a,0.1494126526557272,0.13370003918464424,0.10628709862449404,0.16374013014477296
2024-03,block_b,0.21780338798271268,0.07648125706536715,0.0451402769801021,0.10773149316845344
2024-03,block_c,0.25279826613925693,0.036877405992689766,0.055027873075551945,0.08983568092916308
2024-03,block_d,0.13399243562292507,0.12951718165436726,0.05719687667248047,0.1049187790265685
2024-04,block_a,0.19504735445758484,0.1022119070687158,0.09745766319081839,0.15286791731082552
2024-04,block_b,0.23203920916568807,0.07561778591011485,0.046858587995379015,0.10600759269172864
2024-04,block_c,0.27238335511988165,0.04612156029212415,0.041702958069563104,0.0832535363197629
2024-04,block_d,0.15378609388214232,0.12572369434631064,0.04300328832791569,0.08338866179778981
2024-05,block_a,0.18944244888599793,0.12316567539940508,0.06657431503255795,0.12653916811635968
2024-05,block_b,0.22920457029517233,0.10352233255275306,0.030717377596753765,0.09612479582157311
2024-05,block_c,0.2916930216811012,0.07218805949546256,0.04549067609432217,0.08857489248347916
2024-05,block_d,0.12505355286331876,0.22815230000696557,-0.007847274232977135,0.049476432664340916
2024-06,block_a,0.1837227499654133,0.16703096481542748,0.03318526982487258,0.11648701451863254
2024-06,block_b,0.23025969235649354,0.10790432238860151,0.02936928301078021,0.09341534238530591
2024-06,block_c,0.3117694683297634,0.077004908193743,0.02822998652007195,0.07020844850928368
2024-06,block_d,0.12604687986112348,0.30003594295183617,-0.05620675042403077,0.012014304201422861
2024-07,block_a,0.16442692165660627,0.19438339644078106,0.010810611119005983,0.08290585145325849
2024-07,block_b,0.224701602618568,0.11408884292023957,0.023853010053532527,0.08149706842880913
2024-07,block_c,0.29829472861676587,0.07204363499474907,0.046251247352763675,0.07710397265699993
2024-07,block_d,0.12042883815818228,0.3210447023153566,-0.0769426369065961,-0.00961945814585487
2024-08,block_a,0.13520373519739143,0.24507355442488998,-0.04276142543572206,0.0189204735570751
2024-08,block_b,0.21889473554179156,0.11462773643347313,0.018096058057482982,0.08011383674576361
2024-08,block_c,0.2751287652168138,0.0811119186295949,0.032882548464969893,0.06890134276841349
2024-08,block_d,0.10767132541522949,0.3439640058681018,-0.08317710983083118,-0.024848815812939806
2024-09,block_a,0.14190248484716597,0.25698656562063993,-0.09382571514974719,-0.010115044456340783
2024-09,block_b,0.19088723665508436,0.115348453699473,-0.04757592146481325,0.03577532219453681
2024-09,block_c,0.25993886202729166,0.06917453985012699,0.011170668989752629,0.05146287038346939
2024-09,block_d,0.09908442540590487,0.3386790436787001,-0.1297018831207291,-0.05183506669631479
2024-10,block_a,0.13776540081285626,0.18916037345938838,0.027649950942988284,0.08099265611272208
2024-10,block_b,0.20350013655809066,0.09349563793559669,0.01698774892253753,0.08234275842614402
2024-10,block_c,0.23512317644403355,0.07681313878907348,0.03506469501715747,0.0753949644961317
2024-10,block_d,0.09710569814125845,0.2962873267473091,-0.07625733110138666,-0.0067628585604552266
2024-11,block_a,0.11743771477466669,0.1543494591779343,0.03361919155195678,0.09473138426632843
2024-11,block_b,0.19842817606494795,0.07912150859436326,0.03959806322234627,0.10367030955999151
2024-11,block_c,0.23077287175035255,0.048040937430644214,0.053006546242793724,0.08603962121417955
2024-11,block_d,0.09038849243178834,0.2178148983570536,-0.016378850400310813,0.04246986022179986
2024-12,block_a,0.16496931299594558,0.09792799831336343,-0.03693826080342786,0.04693909631388963
2024-12,block_b,0.22597228877339262,0.06369092917454783,-0.07100053192240441,0.028079310969056945
2024-12,block_c,0.255444160335622,0.034853803160185534,-0.009939883569431807,0.042403164111513965
2024-12,block_d,0.13440068450761955,0.10549836578500946,-0.1124731503593144,-0.03274521882298209
2025-01,block_a,0.16159401789984035,0.08882428229729886,0.04719411243990604,0.10593945292567218
2025-01,block_b,0.20611283065500385,0.0719076111205442,0.003854363484237953,0.07564502145228996
2025-01,block_c,0.2357865913791365,0.037764183742241206,0.021906323575647983,0.07365242312196926
2025-01,block_d,0.12741045167159076,0.11596183419310609,-0.02643344997963204,0.038698872102990244
2025-02,block_a,0.1629477773312448,0.09401159126739252,0.06228455697746411,0.11489550414438425
2025-02,block_b,0.20352825542654762,0.07085657786098777,0.02865828574461227,0.09257087786074822
2025-02,block_c,0.23023281018397335,0.04563600668677959,0.030725061474431898,0.06772314296229735
2025-02,block_d,0.12705087385651959,0.12653443862555036,0.02318989442177836,0.07912270510725153
2025-03,block_a,0.16375269309158905,0.08441795963048933,0.04410682690733839,0.05770945821791352
2025-03,block_b,0.1983751494775145,0.053221542244759557,-0.0036212855811251186,0.05982701353026233
2025-03,block_c,0.24549461954387491,0.02937435021205444,0.025642924370122396,0.07185190239235296
2025-03,block_d,0.13443208548693333,0.12002703037668926,0.03565695520058888,0.09361248846383459
2025-04,block_a,0.19140448040679853,0.09827463440915742,0.0731605963820407,0.14411837878237113
2025-04,block_b,0.24640961932486397,0.054962767615964296,0.04010488807674709,0.09895143962407804
2025-04,block_c,0.2816913380165693,0.03039576167252023,0.05280692163450126,0.08862837546884927
2025-04,block_d,0.13476857638843448,0.1510326989194363,0.07560591657871649,0.125274309499509
2025-05,block_a,0.1944595125038531,0.14037549036800565,0.038075854633882626,0.10008375467240009
2025-05,block_b,0.2653988987485342,0.0740035436402797,0.014057058004266309,0.07449861051650981
2025-05,block_c,0.3007302410376663,0.062086102411686626,0.023764886963606024,0.06330364150182982
2025-05,block_d,0.1469547815811277,0.2854308988769558,-0.04509015689740603,0.015830573796309956
2025-06,block_a,0.19212300350654676,0.17640963820811728,0.033258070969008104,0.09164476326474406
2025-06,block_b,0.26483231786226785,0.08155278621877601,0.023132531597787817,0.08079089009758764
2025-06,block_c,0.30049069383187843,0.07235327225326293,0.03676197160226627,0.0796317886337862
2025-06,block_d,0.12930787487897527,0.3395228085424926,-0.07414013962022384,-0.011191864620181555
2025-07,block_a,0.14768935007412862,0.2498023093110754,-0.04415279237308223,0.021730880881986336
2025-07,block_b,0.2487460793361544,0.09142043354372945,0.004863778233810264,0.054842285194792804
2025-07,block_c,0.2989181331193018,0.07410189290683762,0.049199195513643254,0.07054281139916359
2025-07,block_d,0.11780771649265596,0.3496097856382363,-0.09578528397924185,-0.034881455992827
2025-08,block_a,0.13742882503973303,0.26932757169815436,-0.05254430063396627,0.00905569148153161
2025-08,block_b,0.23381137070510777,0.11555400216559067,-0.010309748307030702,0.042428100013220144
2025-08,block_c,0.2646554685546011,0.08103215528402016,0.01612525276032471,0.04826935389509279
2025-08,block_d,0.10099906805856546,0.390910949585432,-0.09871402961538851,-0.04078295603173788
2025-09,block_a,0.14045885144504788,0.22418226442497613,-0.016187987491474404,0.05276612197549687
2025-09,block_b,0.22335724293832507,0.11904338755387443,-0.0004708574857001545,0.06439211016883313
2025-09,block_c,0.2473218542619278,0.09274952937876701,0.019528714199529066,0.06457490690777802
2025-09,block_d,0.09362983903225852,0.3683472193086197,-0.13043689258367366,-0.06606284057863651
2025-10,block_a,0.12420952023808315,0.17992981137301864,0.039178131931203994,0.094368882745333
2025-10,block_b,0.20841309432617186,0.1008335195598327,0.011279699208894567,0.06891314176925951
2025-10,block_c,0.23277325064902055,0.07092160330050624,0.043215614980493436,0.07645101427315983
2025-10,block_d,0.09502333073637642,0.28796434134176596,-0.021935051875476612,0.03221184439718931
2025-11,block_a,0.13354593141371882,0.1455305421385322,0.0679429445946837,0.12400721815337053
2025-11,block_b,0.20512500250545207,0.08760822503461274,0.019016968387472546,0.07878538294281091
2025-11,block_c,0.22638588901015286,0.05202510645008849,0.048766675670909226,0.09404272060421896
2025-11,block_d,0.1024411261205909,0.20892400829624394,0.02961985138786697,0.08560520607480741
2025-12,block_a,0.13704966026695412,0.11481030934771622,0.07589891577880709,0.12118934369979005
2025-12,block_b,0.20384358466215188,0.0781773762301165,0.02334759352853544,0.08220015415226056
2025-12,block_c,0.2195991802007567,0.045295214185028757,0.06297641288641441,0.10025064871026151
2025-12,block_d,0.10878336256167839,0.15403628982183348,0.037995539001878006,0.08768791229234793
2026-01,block_a,0.17497833333333335,0.08278374712182746,-0.071149755344315,0.02142461605442861
2026-01,block_b,0.3148091432940249,0.046609642303181084,-0.08214530016309671,0.020609984320143278
2026-01,block_c,0.3204095284195466,0.032030012225023385,-0.03990447359907108,0.029663293542267002
2026-01,block_d,0.15602722874936636,0.1021151005651165,-0.16942268622714168,-0.041146140249124406
2026-02,block_a,0.148918476150564,0.10584209837839832,0.05994459762463541,0.10925934914555671
2026-02,block_b,0.21301586121793736,0.07183532253383879,0.01752640403255674,0.07789479913104701
2026-02,block_c,0.22966393723485956,0.04767047661811763,0.04868680106240455,0.08440829813226822
2026-02,block_d,0.1212300000551324,0.1320869741325288,0.01891514028067846,0.08044942670436728
2026-03,block_a,0.16217103062428245,0.10771641256583804,0.09391059922642692,0.14870638408800035
2026-03,block_b,0.21945692709502837,0.06745458231234308,0.04220196828136982,0.10586512926328505
2026-03,block_c,0.24113563573586627,0.04285719491805673,0.061258167681516214,0.10596870083871769
2026-03,block_d,0.11863728889922993,0.13875783943376677,0.06976089547335511,0.12405338151814557
2026-04,block_a,0.1707444063936316,0.11323057238441916,0.08272083409657169,0.14359971417400205
2026-04,block_b,0.23785087481710132,0.06412538131488606,0.040225421181505634,0.10141777405596451
2026-04,block_c,0.26177192236003655,0.041548724996198036,0.060524576691537414,0.1015043903176544
2026-04,block_d,0.12795302253513477,0.18758040611486482,0.06041370337363054,0.11743367604762674
2026-05,block_a,0.17399472253177237,0.1625904901539837,0.04399568886499242,0.10854885005128469
2026-05,block_b,0.24457415104353125,0.08449950518547299,0.025484089949863797,0.08635496077820669
2026-05,block_c,0.274735152510202,0.06819864121542983,0.0353517748651642,0.0879425316672972
2026-05,block_d,0.1313284080481252,0.2663330641623598,-0.028252497999936916,0.03944391902191147
2026-06,block_a,0.16674622509659554,0.19740969098372563,0.0189389414841638,0.07992055973123616
2026-06,block_b,0.2379397085569716,0.10774571353691842,0.023895527790632504,0.08021770048770926
2026-06,block_c,0.27583229463780673,0.08629398678112157,0.05270713005896409,0.09006641201057128
2026-06,block_d,0.12075626890527788,0.3242105928606074,-0.06753129203498284,-0.0033268840452964164
2026-07,block_a,0.16775615824452564,0.2497269299536383,-0.03715313064637262,0.029484980620923827
2026-07,block_b,0.24413734157910533,0.12082325546336886,0.010842390274665992,0.0671907027118055
2026-07,block_c,0.27676079946178417,0.07943237970448747,0.03516928989015951,0.07510163787188728
2026-07,block_d,0.11901688374691514,0.34680688600179266,-0.07394162418399661,-0.016896489608753954
2026-08,block_a,0.1527292767841287,0.2870209274185254,-0.03762240743543203,0.01635972319356665
2026-08,block_b,0.21174001413511231,0.13600896075123597,0.02145202795294132,0.06627681633506542
2026-08,block_c,0.24886499672765908,0.09209443092654976,0.03747939652819783,0.07183828987034045
2026-08,block_d,0.11196528424323797,0.36113679391555764,-0.0782309196019354,-0.028087945717360657
2026-09,block_a,0.1361850379685332,0.32032396237319266,-0.05158186501634989,0.013562263658548637
2026-09,block_b,0.21827042349565967,0.13883488773316013,-0.0008909244012216475,0.06222327036191437
2026-09,block_c,0.24171727185343356,0.0936827128893834,0.027419466370515136,0.07223868934891794
2026-09,block_d,0.09903949872671226,0.3843244148029696,-0.1062352004372007,-0.039977757418032125
