ym,epoch_building_001,epoch_building_002,epoch_building_006,epoch_building_007
2018-01,0.16224495255253255,0.13584406941006877,0.1311119099046248,0.13354370191379933
2018-02,0.15834563550070488,0.13165771865168951,0.1266996351208412,0.13115243860488135
2018-03,0.13247006892293503,0.13421415626331587,0.12675795623227826,0.1265993719952679
2018-04,0.13143386485451047,0.13306400440612504,0.12716977147276076,0.12669965516373421
2018-05,0.09443564037329234,0.09769269068276804,0.09724352461712132,0.09597998061869165
2018-06,0.09078551521102768,0.09093590651943316,0.09120940597139635,0.0904465369545336
2018-07,0.08999334798829098,0.09279039854579738,0.0963421624312241,0.09553826507924519
2018-08,0.09168982187159426,0.0913720879683774,0.09900274614899163,0.09783129242283133
2018-09,0.09634087394132822,0.09708643937951604,0.1009890634027537,0.1001840259424266
2018-10,0.10470523784549803,0.10550908377983878,0.1045129258775322,0.10414021495632912
2018-11,0.12437526343588083,0.12537706861343428,0.11780069598144045,0.11773092954768549
2018-12,0.1283189413466939,0.12722804779648428,0.1267823155826956,0.12609287464236868
2019-01,0.13165336543289785,0.13058195437937997,0.12893931895149466,0.12906826205878158
2019-02,0.1703552294765502,0.16443021663448193,0.17903975360657048,0.1811143270658713
2019-03,0.15687108670724947,0.14509571445408476,0.14044284063536078,0.14027991811187462
2019-04,0.141174043025478,0.14607230913467167,0.1334143009519746,0.13321024776192042
2019-05,0.11823103931173765,0.11851157877081808,0.11732884767517313,0.11728120684302817
2019-06,0.10184585048967648,0.10734275142564435,0.105358961983236,0.10579455771183097
2019-07,0.0999668399968757,0.09864675592243045,0.10205062709438857,0.10033316720783303
2019-08,0.09691445521868995,0.09894066010280955,0.1022219300818645,0.09969432572344296
2019-09,0.10441749426262123,0.10388630316134934,0.10168513595193024,0.10323849706763313
2019-10,0.11689519771174364,0.11335318401465078,0.11046757508688657,0.11127579937409282
2019-11,0.16865843678850867,0.1204274285817898,0.16036769218668404,0.15829961707268395
2019-12,0.17321105111983714,0.16017908272194398,0.1811951933912903,0.16186205752460378
2020-01,0.14788438105300225,0.15287909682919754,0.1291968978605015,0.13222844102125228
2020-02,0.15201695458824294,0.14128538227214615,0.13274143622836726,0.13537450057472702
2020-03,0.14334625033940734,0.1427298848151874,0.13066439783827988,0.13278112839487521
2020-04,0.15069998772554305,0.1518408586504202,0.14099349706230055,0.14261932928926804
2020-05,0.12865612997533954,0.10973489202273781,0.12720836866572452,0.1291524427999698
2020-06,0.12207936031482121,0.12062196897580257,0.12211813373865586,0.12187209343300862
2020-07,0.1315764317410016,0.12890462325817542,0.12795299014248507,0.12834873392232374
2020-08,0.13002868652153057,0.13053161666712,0.12589080557851787,0.12785620495523836
2020-09,0.13403432347285293,0.1298041620202899,0.13049786672355407,0.13226111488669068
2020-10,0.13620460106155455,0.12460831361456369,0.13088687412780106,0.13051749435760607
2020-11,0.13912490896444493,0.1348268270459924,0.13257164164511176,0.13410418502017837
2020-12,0.14029417595619875,0.13565717717881065,0.13589439748273377,0.13785429535100294
2021-01,0.19886125323848133,0.16651854334956168,0.14556325786867905,0.14506475202832522
2021-02,0.16746656623929235,0.19255008307027363,0.1482037794547701,0.14942796026412272
2021-03,0.15785199719543286,0.1480658742501928,0.13808153827009062,0.14083206138253324
2021-04,0.15453516929451633,0.1636378407720691,0.1460867239095846,0.14742297062599108
2021-05,0.12963668278198254,0.12458703936590848,0.13087202252384383,0.13223543884819655
2021-06,0.09096316361107079,0.09392801878496121,0.09623869141267347,0.09634214595551527
2021-07,0.09556029287597961,0.09663335123888267,0.10073319644809474,0.10038367649156367
2021-08,0.12357060825513025,0.12181104613738775,0.12699367039101186,0.12761922189500535
2021-09,0.12511503509378816,0.11992697527674276,0.1274693261513027,0.1289749393809727
2021-10,0.1337202489483022,0.12764121540149223,0.13426837773214942,0.1341724667958754
2021-11,0.13455561482010478,0.13334209254675838,0.13081845728558347,0.1322289637292658
2021-12,0.18144964882854578,0.15057638280704616,0.15257451090193155,0.15420372188242001
2022-01,0.15786169811531298,0.1529934823800328,0.14882637263006315,0.15158363412117096
2022-02,0.2689018295317943,0.26694951329139144,0.2985076228537625,0.2297790690259844
2022-03,0.1561881938322714,0.15517357888867744,0.14832233629325436,0.1520287120239623
2022-04,0.16230501690527466,0.1624599477792585,0.16075633983093773,0.16031097519024728
2022-05,0.1483136517996957,0.154767959039356,0.15249651120414567,0.15268629632426345
2022-06,0.14923982800882274,0.15221978767191585,0.14875246348986246,0.15020684638425327
2022-07,0.14728463535564298,0.14359166054704847,0.1360315031599158,0.14348251235453532
2022-08,0.12836825081550737,0.13076491690918482,0.12670992595753008,0.12965927492092255
2022-09,0.11289542237149944,0.12162731004252003,0.12340557718460843,0.12623391980669024
2022-10,0.11108262271667207,0.11055682405417902,0.11646462760993048,0.11782276087157151
2022-11,0.1374319788656171,0.1366505861234259,0.1271881798707591,0.12938453690419252
2022-12,0.13608644490814628,0.1351205211194822,0.1359517515088487,0.13728201649508756
2023-01,0.2191098046472525,0.20378860549768366,0.25317281521232937,0.25114354788709836
2023-02,0.14696248463079792,0.15113038095756165,0.14228570971440757,0.14461547358352836
2023-03,0.13620544688321784,0.14022381936700481,0.14372967787525667,0.1468043964526332
2023-04,0.13144301694990906,0.13391046681353758,0.14588330444521477,0.15008468499081273
2023-05,0.10942794689251671,0.11529798755224341,0.12398191070460345,0.12665534118653873
2023-06,0.09116591029975712,0.09929122106780539,0.10716525825977972,0.1043427764773004
2023-07,0.08622579216740878,0.09325955045738471,0.0975459503302134,0.10136228867242228
2023-08,0.07670711769716305,0.0879918726938106,0.0907605726069527,0.0935131532801396
2023-09,0.09652241687775019,0.1013284952085656,0.10783776343741946,0.11162103417319008
2023-10,0.10847115242271736,0.11245513639948868,0.11798908118005746,0.11870299864918152
2023-11,0.11426477826007711,0.11740283428980693,0.12366919326595732,0.1274770537055216
2023-12,0.13277863909749266,0.13607442452924268,0.14107221496315658,0.14477611232768667
2024-01,0.13725983053810484,0.1411858722949022,0.1450667266650667,0.14854797209427206
2024-02,0.13339318842035175,0.13290815133135686,0.13431802440823798,0.13606950338543639
2024-03,0.13207158128480082,0.13476391737155602,0.13672418157738017,0.13831628785018504
2024-04,0.14059256037730938,0.14007696349081156,0.13887822102521716,0.14129338770167882
2024-05,0.2687830210785903,0.18659103951913386,0.2934833773321602,0.1787389551712854
2024-06,0.25269381702132415,0.3281336225419537,0.2727241211345476,0.25479794272865314
2024-07,0.2398295925978829,0.3372201246094923,0.1827505159862404,0.17299216944801024
2024-08,0.20913080367936165,0.26249130062284104,0.14082005813178322,0.1450919714398382
2024-09,0.22936450599030714,0.22742333705043474,0.10187027368159071,0.11737192562947303
2024-10,0.27016300478703825,0.2783623584554988,0.13771870794556593,0.14597487519612026
2024-11,0.20014530650806586,0.2773667944986898,0.13200961574358014,0.1311554334784834
2024-12,0.17640159121595234,0.2756732087651065,0.15497566464894275,0.14838969896045712
2025-01,0.1938495208006345,0.23823976663856175,0.18302182075144666,0.17644094993581527
2025-02,0.15754463029707902,0.16563974397330938,0.1689248544483258,0.15810983748227564
2025-03,0.15215851456754853,0.20562523639858227,0.17584561745020133,0.16790458439259312
2025-04,0.17358533685944993,0.2581663928704182,0.1788606206056727,0.18006297582790065
2025-05,0.2760244317484406,0.20477537918967187,0.18616642756193175,0.1847665521407536
2025-06,0.3863443695578591,0.15535210378872358,0.1853605370523453,0.18993457172342615
2025-07,0.6558411283573431,0.1666912756910634,0.17368334888847414,0.17578313697757852
2025-08,0.7522403100602194,0.18843048295119713,0.1726384567522644,0.17942920326881284
2025-09,0.7264453444472961,0.25595277377358294,0.15117505666515565,0.14722723786990183
2025-10,0.6928614128271793,0.3788008939175528,0.1972243046852084,0.1500603207564583
2025-11,0.6654322691751194,0.5389268673901417,0.10739893602837258,0.09539426363613479
2025-12,0.6474322766141849,0.5269226870109971,0.1948840457587797,0.16959108124208175
2026-01,0.6519165694008946,0.5214207205737029,0.19900776201523512,0.1845789700218983
2026-02,0.6336558153029004,0.5538712754190802,0.1730556007395358,0.19016456786394487
2026-03,0.6544479034855737,0.5974383754453721,0.19535663582304472,0.17997155897874761
2026-04,0.714676449780734,0.8086141163724715,0.2854867799080914,0.2466664858301687
2026-05,0.7177658122900789,0.8031240920299901,0.3428798152049278,0.29951741632896206
2026-06,0.7180134635913571,0.8100804800047142,0.34771298276490425,0.3427846317131903
2026-07,0.684908508802273,0.7700098893029073,0.3410776441517116,0.33663779355130974
2026-08,0.641481031128767,0.7365692937960673,0.3419223220714115,0.33669172225158794
2026-09,0.5988137853309083,0.672775912729712,0.3177673359821515,0.31313484104810063
