site_id,osm,dist_m,inside_outline,name,name_en,tags
cn_guian_r01,way/540236444,2857,False,永安大道,,highway=secondary
cn_guian_r01,way/460030918,2863,False,永安大道,,highway=secondary
cn_horinger_r04,node/8006998389,206,True,,,power=tower
cn_horinger_r04,node/8006998390,250,True,,,power=tower
cn_horinger_r04,way/858950378,251,True,,,power=line
cn_horinger_r04,way/858950377,267,True,,,power=line
cn_horinger_r04,node/8006998391,308,True,,,power=tower
cn_horinger_r04,way/988966312,321,True,,,building=yes
cn_horinger_r04,way/988966311,338,True,,,building=yes
cn_horinger_r04,node/8006956069,339,False,,,power=tower
cn_horinger_r04,way/566233416,348,True,中国电信云计算内蒙古信息园,,landuse=industrial
cn_horinger_r04,node/8006956068,377,False,,,power=tower
cn_horinger_r04,node/8006956070,383,False,,,power=tower
cn_horinger_r04,way/988966305,396,False,,,building=yes
cn_horinger_r04,way/545363349,546,False,金盛路,,highway=primary
cn_horinger_r04,way/545363350,556,False,金盛路,,highway=primary
cn_horinger_r04,way/699967332,918,False,中国移动呼和浩特数据中心,,landuse=industrial
cn_horinger_r04,way/858950381,1716,False,,,power=line
cn_horinger_r04,way/858950373,4638,False,,,power=line
cn_horinger_r05,node/14061590301,116,True,,,power=tower
cn_horinger_r05,way/858950385,135,True,,,power=line
cn_horinger_r05,node/8006998533,245,True,,,power=tower
cn_horinger_r05,node/13375407185,322,False,,,power=tower
cn_horinger_r05,node/8006956057,335,True,,,power=tower
cn_horinger_r05,node/14061590296,361,False,,,power=tower
cn_horinger_r05,node/8006956058,366,False,,,power=tower
cn_horinger_r05,node/14061590302,377,True,,,power=tower
cn_horinger_r05,way/1546007803,507,False,,,power=line
cn_horinger_r05,way/1483068811,604,False,,,power=line
cn_horinger_r05,way/858950373,2334,False,,,power=line
cn_horinger_r05,way/1473258335,4209,False,,,power=line
cn_horinger_r06,way/566233285,352,False,克略和苑,,landuse=residential
cn_horinger_r06,way/699967332,793,False,中国移动呼和浩特数据中心,,landuse=industrial
cn_horinger_r06,way/545743786,1012,False,云展东街,,highway=tertiary
cn_horinger_r06,way/545743785,1016,False,云展东街,,highway=tertiary
cn_horinger_r08,way/1342808670,750,False,蒙草草博园,,
cn_horinger_r08,way/1331155485,984,False,盛乐北街,,highway=primary
cn_horinger_r08,way/1331155486,990,False,盛乐北街,,highway=primary
cn_horinger_r11,way/545743786,1854,False,云展东街,,highway=tertiary
cn_horinger_r11,way/545743785,1856,False,云展东街,,highway=tertiary
cn_horinger_r12,node/8006995031,312,False,,,power=tower
cn_horinger_r12,node/8006995032,359,False,,,power=tower
cn_horinger_r12,node/8006995030,361,False,,,power=tower
cn_horinger_r12,node/8006995023,371,False,,,power=tower
cn_horinger_r12,node/8006995025,381,False,,,power=tower
cn_horinger_r12,node/8006995029,391,False,,,power=tower
cn_horinger_r12,way/858950380,802,False,,,power=line
cn_horinger_r12,way/858950381,884,False,,,power=line
cn_horinger_r12,way/545743785,2215,False,云展东街,,highway=tertiary
cn_horinger_r12,way/545743786,2217,False,云展东街,,highway=tertiary
cn_horinger_r12,way/1458424012,2272,False,,,power=line
cn_horinger_r13,way/1550574098,112,True,,,landuse=construction
cn_horinger_r13,way/1550274596,178,False,,,building=yes;amenity=toilets
cn_horinger_r13,way/1550276180,288,False,,,building=retail
cn_horinger_r13,way/1550574532,299,False,,,landuse=industrial
cn_horinger_r13,way/1550276179,395,False,,,building=retail
cn_horinger_r13,way/566233277,437,False,丹岱祥苑,,landuse=residential
cn_horinger_r13,way/1549659163,457,False,人才创新谷,,landuse=commercial
cn_horinger_r13,way/1550574531,476,False,,,landuse=industrial
cn_horinger_r13,way/1550574758,603,False,,,landuse=construction
cn_horinger_r13,way/545743782,734,False,盛云路,,highway=tertiary
cn_horinger_r13,way/545743783,734,False,盛云路,,highway=tertiary
cn_horinger_r14,way/1549658655,115,True,交通银行,Bank of Communications,building=yes;amenity=bank
cn_horinger_r14,way/545743782,169,False,盛云路,,highway=tertiary
cn_horinger_r14,way/545743783,172,False,盛云路,,highway=tertiary
cn_horinger_r14,way/1419647717,337,False,,,landuse=construction
cn_horinger_r14,way/1550578917,348,False,,,landuse=construction
cn_horinger_r14,way/988966318,363,False,,,building=yes
cn_horinger_r14,way/1419660258,366,False,D2-2,,building=industrial
cn_horinger_r14,way/1419660259,366,False,D1-2,,building=industrial
cn_horinger_r14,way/1419660249,368,False,D2-1,,building=industrial
cn_horinger_r14,way/1419660250,377,False,D3-1,,building=industrial
cn_horinger_r14,relation/19424060,378,False,D1-1,,building=industrial
cn_horinger_r14,way/1419646914,381,False,,,building=yes;amenity=restaurant
cn_horinger_r14,way/1419647453,381,False,雲谷佳苑,,landuse=residential
cn_horinger_r14,way/1419660254,383,False,D3-2,,building=industrial
cn_horinger_r14,way/1419879428,390,False,,,building=industrial
cn_horinger_r14,way/1419879427,399,False,,,building=industrial
cn_horinger_r14,way/1419879429,399,False,,,building=industrial
cn_horinger_r14,way/1419660251,406,False,D1-3,,building=industrial
cn_horinger_r14,way/1419660252,407,False,D2-3,,building=industrial
cn_horinger_r14,way/1419660256,407,False,D2-4,,building=industrial
cn_horinger_r14,way/566233278,422,False,祥苑路,,highway=unclassified
cn_horinger_r14,way/1419660236,430,False,,,building=construction
cn_horinger_r14,relation/19424057,442,False,E1,,building=yes
cn_horinger_r14,way/1550574531,496,False,,,landuse=industrial
cn_horinger_r14,way/1419643091,633,False,智能制造产业园,,landuse=industrial;industrial=factory
cn_horinger_r14,way/566233416,824,False,中国电信云计算内蒙古信息园,,landuse=industrial
cn_horinger_r14,way/545743785,1341,False,云展东街,,highway=tertiary
cn_horinger_r14,way/545743786,1344,False,云展东街,,highway=tertiary
cn_horinger_r15,way/1550574531,48,True,,,landuse=industrial
cn_horinger_r15,way/1550573433,187,False,,,building=yes;amenity=toilets
cn_horinger_r15,way/1419646914,210,False,,,building=yes;amenity=restaurant
cn_horinger_r15,way/1550574532,215,True,,,landuse=industrial
cn_horinger_r15,way/988966318,227,False,,,building=yes
cn_horinger_r15,way/1550276179,251,False,,,building=retail
cn_horinger_r15,way/545743783,277,False,盛云路,,highway=tertiary
cn_horinger_r15,way/545743782,280,False,盛云路,,highway=tertiary
cn_horinger_r15,way/1550276180,335,False,,,building=retail
cn_horinger_r15,way/1419647453,379,False,雲谷佳苑,,landuse=residential
cn_horinger_r15,way/566233277,419,False,丹岱祥苑,,landuse=residential
cn_horinger_r15,way/1550574758,420,True,,,landuse=construction
cn_horinger_r15,way/1549658655,505,False,交通银行,Bank of Communications,building=yes;amenity=bank
cn_horinger_r15,way/1550574098,574,False,,,landuse=construction
cn_horinger_r15,way/1550578917,585,False,,,landuse=construction
cn_horinger_r15,way/566233416,787,False,中国电信云计算内蒙古信息园,,landuse=industrial
cn_horinger_r15,way/545743786,1068,False,云展东街,,highway=tertiary
cn_horinger_r15,way/545743785,1071,False,云展东街,,highway=tertiary
cn_horinger_r16,node/13599520930,256,False,,,power=tower
cn_horinger_r16,node/13599520929,388,False,,,power=tower
cn_horinger_r16,way/1458424012,943,False,,,power=line
cn_horinger_r16,way/545363349,2403,False,金盛路,,highway=primary
cn_horinger_r16,way/545363350,2404,False,金盛路,,highway=primary
cn_horinger_r17,way/988966371,284,False,,,building=yes
cn_horinger_r17,way/988966374,346,False,,,building=yes
cn_horinger_r17,way/988966372,355,False,,,building=yes
cn_horinger_r18,way/566233285,395,False,克略和苑,,landuse=residential
cn_horinger_r19,way/1419648199,97,True,西贝,,landuse=industrial;industrial=food_industry
cn_horinger_r19,way/1419648198,367,False,,,landuse=industrial
cn_horinger_r19,way/988966255,395,False,,,building=yes
cn_horinger_r19,way/1385295617,409,False,京东亚洲一号呼和浩特物流园,,landuse=industrial
cn_horinger_r19,way/566233277,497,False,丹岱祥苑,,landuse=residential
cn_horinger_r19,way/1550584397,539,False,,,landuse=industrial
cn_horinger_r19,way/566233278,588,False,祥苑路,,highway=unclassified
cn_horinger_r24,node/8006998520,333,False,,,power=tower
cn_horinger_r24,node/8006998244,363,False,,,power=tower
cn_horinger_r24,way/858950383,503,False,,,power=line
cn_horinger_r24,way/1353216581,2906,False,,,power=line
cn_horinger_r25,way/545405719,115,True,,,landuse=grass
cn_horinger_r25,way/545405720,122,True,,,landuse=grass
cn_horinger_r25,node/8006956278,255,True,,,power=tower
cn_horinger_r25,node/8006956277,276,False,,,power=tower
cn_horinger_r25,node/8006998893,295,False,,,power=tower
cn_horinger_r25,node/8006956279,305,False,,,power=tower
cn_horinger_r25,node/13958137925,308,False,师大盛乐校区北门,,highway=bus_stop
cn_horinger_r25,node/13958137926,310,False,师大盛乐校区北门,,highway=bus_stop
cn_horinger_r25,node/8006998894,349,False,,,power=tower
cn_horinger_r25,node/8006998892,373,False,,,power=tower
cn_horinger_r25,node/8006956276,374,False,,,power=tower
cn_horinger_r25,way/545405727,374,False,创业大道,,highway=unclassified
cn_horinger_r25,way/1331155489,384,False,创业大道,,highway=unclassified
cn_horinger_r25,way/545363289,459,False,内蒙古师范大学(盛乐校区),Inner Mongolia Normal University Shengle Campus,amenity=university
cn_horinger_r25,way/1483068804,487,False,,,power=line
cn_horinger_r25,way/1331155486,2290,False,盛乐北街,,highway=primary
cn_horinger_r25,way/1331155485,2294,False,盛乐北街,,highway=primary
cn_horinger_r25,way/858950400,2504,False,,,power=line
cn_qingyang_r03,way/1262978104,75,True,,,landuse=orchard
cn_qingyang_r03,way/1262978103,134,True,,,landuse=orchard
cn_qingyang_r03,way/1262978080,164,True,,,building=house
cn_qingyang_r03,way/1262978082,167,True,,,building=house
cn_qingyang_r03,way/1262978081,172,True,,,building=house
cn_qingyang_r03,way/1262978083,177,True,,,building=yes
cn_qingyang_r03,way/1262978078,246,False,,,building=house
cn_qingyang_r03,way/1262978093,279,True,,,building=house
cn_qingyang_r03,way/1262978095,290,False,,,building=yes
cn_qingyang_r03,way/1262978092,298,True,,,building=house
cn_qingyang_r03,way/1262978086,334,False,,,building=yes
cn_qingyang_r03,way/1262978087,360,False,,,building=yes
cn_qingyang_r03,way/536122863,900,False,青兰高速,Qinglan Expressway,highway=motorway
cn_qingyang_r03,way/536122861,903,False,青兰高速,Qinglan Expressway,highway=motorway
cn_qingyang_r03,relation/2067232,409505,False,青兰高速,G22 Qingdao–Lanzhou Expressway,
cn_qingyang_r07,way/1552591208,38,True,园区横三路,,highway=construction
cn_qingyang_r07,way/1552591210,46,True,园区横三路,,highway=construction
cn_qingyang_r07,node/10564386826,186,True,,,power=tower
cn_qingyang_r07,node/10564340789,211,True,,,power=tower
cn_qingyang_r07,node/10564340786,221,True,,,power=tower
cn_qingyang_r07,node/10564386825,234,True,,,power=tower
cn_qingyang_r07,node/10564340790,266,False,,,power=tower
cn_qingyang_r07,way/1552397192,279,True,中国电信庆阳智算产业园,,landuse=industrial
cn_qingyang_r07,way/1552397191,284,False,中国移动(甘肃·庆阳)数据中心,,landuse=industrial
cn_qingyang_r07,node/9973647203,299,False,,,power=tower
cn_qingyang_r07,way/1552484452,316,False,庆阳东绕城,,highway=trunk
cn_qingyang_r07,way/1552484454,317,False,庆阳东绕城,,highway=trunk
cn_qingyang_r07,way/1552397193,337,False,中国联通庆阳数据中心,,landuse=industrial
cn_qingyang_r07,node/10564386827,362,False,,,power=tower
cn_qingyang_r07,node/9973105226,376,False,,,power=tower
cn_qingyang_r07,node/9973105227,391,False,,,power=tower
cn_qingyang_r07,way/1290012392,394,False,,,building=yes
cn_qingyang_r07,node/10564340787,395,False,,,power=tower
cn_qingyang_r07,way/1552591214,402,False,园区横四路,,highway=construction
cn_qingyang_r07,way/1552591209,431,False,园区横三路,,highway=tertiary
cn_qingyang_r07,way/1552484451,442,False,庆阳东绕城,,highway=trunk
cn_qingyang_r07,way/1552484453,443,False,庆阳东绕城,,highway=trunk
cn_qingyang_r07,way/1133062479,468,False,,,power=line
cn_qingyang_r07,way/1392742454,519,False,园区横二路,,highway=tertiary
cn_qingyang_r07,way/1088554778,585,False,,,power=line
cn_qingyang_r07,way/1465641025,682,False,西合公路(旧),,highway=unclassified
cn_qingyang_r07,way/1392742455,816,False,园区横三路,,highway=tertiary
cn_qingyang_r07,way/1552591207,817,False,园区横三路,,highway=tertiary
cn_qingyang_r07,way/1392742453,911,False,园区横四路,,highway=secondary
cn_qingyang_r07,way/1253303072,1306,False,庆阳东绕城,,highway=trunk
cn_qingyang_r07,way/1253779802,1309,False,庆阳东绕城,,highway=trunk
cn_qingyang_r07,way/1133064243,2877,False,,,power=line
cn_qingyang_r07,way/641307112,2915,False,,,power=line
cn_qingyang_r07,relation/20294324,7068,False,244国道 乌江线（甘肃段）,China National Highway 244 (Gansu section),
cn_qingyang_r07,way/1153619505,11663,False,,,power=line
cn_qingyang_r11,way/1339487749,71,True,,,building=yes
cn_qingyang_r11,way/1339487748,90,True,,,building=yes
cn_qingyang_r11,way/1465640999,155,True,园区纵二路,,highway=construction
cn_qingyang_r11,way/1465640997,159,True,园区纵二路,,highway=construction
cn_qingyang_r11,way/1552397206,167,True,西合公路,,highway=trunk
cn_qingyang_r11,way/1465640998,200,True,园区纵二路,,highway=tertiary
cn_qingyang_r11,way/1465640996,203,True,园区纵二路,,highway=tertiary
cn_qingyang_r11,way/1412509897,244,False,秦淮数据零碳数据中心产业基地,,landuse=industrial
cn_qingyang_r11,way/1461636287,268,False,西合公路,,highway=trunk
cn_qingyang_r11,way/1395668287,294,False,园区横一路,,highway=tertiary
cn_qingyang_r11,way/1392742460,299,False,园区横一路,,highway=tertiary
cn_qingyang_r11,way/1461636288,304,False,西合公路,,highway=trunk
cn_qingyang_r11,way/1552409409,321,False,智慧蓝图西部智算中心,,landuse=industrial
cn_qingyang_r11,way/1392742454,434,False,园区横二路,,highway=tertiary
cn_qingyang_r11,way/1412509914,535,False,中国能建庆阳大数据中心产业园,,landuse=industrial
cn_qingyang_r11,way/1339487755,654,False,园区纵二路,,highway=tertiary
cn_qingyang_r11,way/1412509895,655,False,园区纵二路,,highway=tertiary
cn_qingyang_r11,way/1412509894,739,False,尚勤路,,highway=tertiary
cn_qingyang_r11,way/1392742461,741,False,尚勤路,,highway=tertiary
cn_qingyang_r11,way/1461636286,793,False,西合公路,,highway=trunk
cn_qingyang_r11,way/1461636283,841,False,西合公路,,highway=trunk
cn_qingyang_r11,relation/18558847,10393,False,318省道,,
cn_qingyang_r11,relation/919124,393839,False,309国道 青兰线,China National Highway 309,
cn_qingyang_r12,way/1412509914,63,True,中国能建庆阳大数据中心产业园,,landuse=industrial
cn_qingyang_r12,way/1344546500,75,True,,,building=yes
cn_qingyang_r12,way/1465640996,364,False,园区纵二路,,highway=tertiary
cn_qingyang_r12,way/1465640998,369,False,园区纵二路,,highway=tertiary
cn_qingyang_r12,way/1552409409,384,False,智慧蓝图西部智算中心,,landuse=industrial
cn_qingyang_r12,way/1552397197,441,False,庆阳东绕城,,highway=trunk
cn_qingyang_r12,way/1552397198,454,False,庆阳东绕城,,highway=trunk
cn_qingyang_r12,way/780223989,556,False,,,landuse=residential
cn_qingyang_r12,way/1392742460,557,False,园区横一路,,highway=tertiary
cn_qingyang_r12,way/1395668287,562,False,园区横一路,,highway=tertiary
cn_qingyang_r12,way/1412509897,673,False,秦淮数据零碳数据中心产业基地,,landuse=industrial
cn_qingyang_r12,way/1253779788,848,False,庆阳东绕城,,highway=trunk
cn_qingyang_r12,way/1253779787,850,False,庆阳东绕城,,highway=trunk
cn_qingyang_r12,relation/20294324,5799,False,244国道 乌江线（甘肃段）,China National Highway 244 (Gansu section),
cn_qingyang_r12,relation/8885991,21213,False,董志塬,,landuse=farmland
cn_qingyang_r12,relation/919124,394103,False,309国道 青兰线,China National Highway 309,
cn_ulanqab_r03,relation/10477426,5960,False,白海子镇,,
cn_ulanqab_r03,relation/10477427,9899,False,马莲渠乡,,
cn_ulanqab_r04,way/1448700615,341,False,,,building=yes
cn_ulanqab_r04,way/1448700614,382,False,,,building=yes
cn_ulanqab_r04,node/8023392731,385,False,,,power=tower
cn_ulanqab_r04,way/542148284,1060,False,韩土路,,highway=trunk
cn_ulanqab_r04,way/860862296,1301,False,,,power=line
cn_ulanqab_r04,way/860862356,2789,False,,,power=line
cn_ulanqab_r04,relation/20030627,41061,False,乌兰察布城际公交集宁-土牧尔台线 集宁至白音查干至土牧尔台镇,,
cn_ulanqab_r04,relation/395709,303424,False,208国道 二淅线,China National Highway 208,
cn_ulanqab_r07,way/783305727,105,True,,,landuse=residential
cn_ulanqab_r07,node/8481597412,244,False,侯家,Houjia,
cn_ulanqab_r07,way/860862305,300,False,,,power=line
cn_ulanqab_r07,node/8023409342,341,False,,,power=tower
cn_ulanqab_r07,node/8023409341,384,False,,,power=tower
cn_ulanqab_r07,way/1033005936,475,False,,,building=yes
cn_ulanqab_r07,way/783305726,477,False,,,landuse=industrial
cn_ulanqab_r07,way/543567116,486,False,,,landuse=industrial
cn_ulanqab_r07,way/543567114,497,False,,,building=yes
cn_ulanqab_r07,way/542148297,559,False,机场快速通道,Airport Expressway,highway=trunk
cn_ulanqab_r07,way/542148298,588,False,机场快速通道,Airport Expressway,highway=trunk
cn_ulanqab_r07,relation/13757325,6430,False,Primary,,
cn_ulanqab_r07,way/436803913,6624,False,承塔线,,highway=trunk
cn_ulanqab_r07,way/444203192,6628,False,承塔线,,highway=trunk
cn_ulanqab_r07,relation/13754572,786376,False,335国道 承塔线,China National Highway 335,
cn_zhangbei_r01,way/911543765,506,False,揽胜西路,,highway=primary
cn_zhangbei_r02,way/528327929,304,False,张北北收费站,,building=yes
cn_zhangbei_r02,way/317776166,334,False,海张高速,Hailar–Zhangjiakou Expressway,highway=motorway
cn_zhangbei_r02,way/251384171,343,False,海张高速,Hailar–Zhangjiakou Expressway,highway=motorway
cn_zhangbei_r02,node/2192876420,349,False,张北北,,highway=motorway_junction
cn_zhangbei_r02,way/317776113,2224,False,东洋河,,
cn_zhangbei_r02,relation/12758541,135554,False,海张高速,,
cn_zhangbei_r05,way/209054538,175,True,海张高速,Hailar–Zhangjiakou Expressway,highway=motorway
cn_zhangbei_r05,way/317776150,176,True,海张高速,Hailar–Zhangjiakou Expressway,highway=motorway
cn_zhangbei_r05,node/14099907394,215,True,,,power=tower
cn_zhangbei_r05,node/14099907395,273,False,,,power=tower
cn_zhangbei_r05,way/528326189,304,False,张北服务区,,highway=services
cn_zhangbei_r05,way/1458065990,4346,False,,,power=line
cn_zhangbei_r05,relation/12758541,131047,False,海张高速,,
cn_zhangbei_r06,node/5172986127,148,True,新村,,
cn_zhangbei_r06,way/1056614634,465,False,中都北大街,,highway=primary
cn_zhangbei_r06,way/209057064,627,False,兴华东路,,highway=tertiary
cn_zhangbei_r06,way/402102321,671,False,,,landuse=residential
cn_zhangbei_r06,way/209058666,1821,False,中都南大街,,highway=primary
cn_zhangbei_r07,node/10772745007,267,False,新村,,highway=bus_stop
cn_zhangbei_r07,node/10772745006,274,False,新村,,
cn_zhangbei_r07,relation/15661874,284,False,新村,,
cn_zhangbei_r07,node/10772745009,297,False,新村,,
cn_zhangbei_r07,node/10772745008,302,False,新村,,highway=bus_stop
cn_zhangbei_r07,way/1157877328,358,False,察哈尔南大街,,highway=primary
cn_zhangbei_r07,way/1056614634,451,False,中都北大街,,highway=primary
cn_zhangbei_r07,way/1237687638,589,False,,,power=line
cn_zhangbei_r07,relation/15655457,1341,False,张北1路：王家湾 -> 新汽车站,,operator=张北县公交有限责任公司
cn_zhangbei_r07,relation/15655459,1375,False,张北1路：新汽车站 -> 王家湾,,operator=张北县公交有限责任公司
